{
    "tags": [
      {
        "ID": 1,
        "pose": {
          "translation": {
            "x": 17.26299075,
            "y": 6.257868,
            "z": 1.795
          },
          "rotation": {
            "quaternion": {
              "W": 6.123233995736766e-17,
              "X": 0.0,
              "Y": 0.0,
              "Z": 1.0
            }
          }
        }
      },
      {
        "ID": 2,
        "pose": {
          "translation": {
            "x": 17.26299075,
            "y": 5.667867999999999,
            "z": 1.805
          },
          "rotation": {
            "quaternion": {
              "W": 6.123233995736766e-17,
              "X": 0.0,
              "Y": 0.0,
              "Z": 1.0
            }
          }
        }
      },
      {
        "ID": 3,
        "pose": {
          "translation": {
            "x": 17.26299075,
            "y": 5.067867999999999,
            "z": 1.805
          },
          "rotation": {
            "quaternion": {
              "W": 6.123233995736766e-17,
              "X": 0.0,
              "Y": 0.0,
              "Z": 1.0
            }
          }
        }
      }
    ],
    "field": {
    "length": 17.22464875,
    "width": 8.211
    }
}

